reason,global_id,novel_id,episode_id,operation,similarity,raw_block_count,final_block_count,raw_indices,final_indices,raw_text,final_text,timing_shift_start_sec,timing_shift_end_sec
very_large_timing_shift,novela001__episode_0001,novela001,episode_0001,retime,1.0,1,1,[1],[1],Nós somos os três lobisomens mais fortes!,Nós somos os três lobisomens mais fortes!,9.966,0.0
delete_text_very_long_review,novela001__episode_0001,novela001,episode_0001,delete_text,0.0,1,0,[75],[],O Harry voltar pra Alcateia vai virar o mundo dos lobisomens de cabeça pra baixo.,,,
very_large_timing_shift,novela001__episode_0004,novela001,episode_0004,retime,1.0,1,1,[1],[1],Nenhum cristal sequer acendeu.,Nenhum cristal sequer acendeu.,8.6,8.622
very_large_timing_shift,novela001__episode_0004,novela001,episode_0004,merge,1.0,2,1,"[5, 6]",[2],Que palhaço! Uma piada!,"que palhaço, uma piada!",8.444,7.975
very_large_timing_shift,novela001__episode_0004,novela001,episode_0004,retime,1.0,1,1,[10],[4],Eu sou mesmo tão fraco assim?,"Eu sou mesmo, tão fraco assim?",8.864,7.997
very_large_timing_shift,novela001__episode_0004,novela001,episode_0004,retime,1.0,1,1,[11],[5],A bola de cristal nem respondeu.,A bola de cristal nem respondeu.,8.175,7.708
very_large_timing_shift,novela001__episode_0004,novela001,episode_0004,retime,1.0,1,1,[12],[6],Você é o pior candidato.,Você é o pior candidato.,8.086,8.019
very_large_timing_shift,novela001__episode_0004,novela001,episode_0004,retime,1.0,1,1,[14],[7],Cai fora!,Cai fora!,8.463,8.463
very_large_timing_shift,novela001__episode_0005,novela001,episode_0005,split,1.0,1,2,[30],"[35, 36]",Um gênio sem precedentes apareceu no exame de entrada.,Um gênio sem precedentes apareceu no exame de entrada.,8.864,8.902
very_large_timing_shift,novela001__episode_0005,novela001,episode_0005,split,1.0,1,2,[31],"[37, 38]",A parte da minha alma que estava nas bolas de cristal foi destruída.,A parte da minha alma que estava nas bolas de cristal foi destruída.,8.927,9.571
very_large_timing_shift,novela001__episode_0005,novela001,episode_0005,retime,1.0,1,1,[32],[39],Quantas foram destruídas?,Quantas foram destruídas?,9.597,8.973
very_large_timing_shift,novela001__episode_0005,novela001,episode_0005,retime,1.0,1,1,[33],[40],Todas.,Todas.,8.998,7.978
very_large_timing_shift,novela001__episode_0005,novela001,episode_0005,retime,1.0,1,1,[34],[41],O quê?,O quê?,9.109,7.886
very_large_timing_shift,novela001__episode_0005,novela001,episode_0005,retime,1.0,1,1,[35],[42],Como isso é possível?,Como isso é possível?,8.46,7.822
very_large_timing_shift,novela001__episode_0007,novela001,episode_0007,retime,1.0,1,1,[1],[1],Caraca! Gandalf!,Caraca! Gandalf!,9.746,9.5
very_large_timing_shift,novela001__episode_0007,novela001,episode_0007,retime,1.0,1,1,[2],[2],Precisamos encontrar o salvador o quanto antes.,Precisamos encontrar o salvador o quanto antes.,9.896,10.282
very_large_timing_shift,novela001__episode_0007,novela001,episode_0007,split,1.0,1,2,[3],"[3, 4]",O aparelho que tinha minha alma fragmentada também foi destruído.,O aparelho que tinha minha alma fragmentada também foi destruído.,10.307,10.812
very_large_timing_shift,novela001__episode_0007,novela001,episode_0007,retime,1.0,1,1,[4],[5],Esse é o artefato mais antigo da academia.,Esse é o artefato mais antigo da academia.,10.837,10.487
very_large_timing_shift,novela001__episode_0007,novela001,episode_0007,split,1.0,1,2,[5],"[6, 7]",Nenhuma bomba atômica conseguiria arriscar ele.,Nenhuma bomba atômica conseguiria arriscar ele.,10.512,10.44
very_large_timing_shift,novela001__episode_0007,novela001,episode_0007,retime,1.0,1,1,[6],[8],Como isso é possível?,Como isso é possível?,10.52,10.696
very_large_timing_shift,novela001__episode_0007,novela001,episode_0007,retime,1.0,1,1,[7],[9],Quem é esse cara?,Quem é esse cara?,10.721,10.721
very_large_timing_shift,novela001__episode_0009,novela001,episode_0009,split,0.925,1,3,[1],"[1, 2, 3]","Esse treinador é quase tão forte quanto o Reitor, esse teste é bem perigoso.","Nossa! Esse treinador é quase tão forte quanto o Reitor, esse teste é bem perigoso.",5.044,8.025
very_large_timing_shift,novela001__episode_0009,novela001,episode_0009,split,1.0,1,2,[2],"[4, 5]","Não vou durar um segundo lá, ele é forte pra caramba.","Não vou durar um segundo lá, ele é forte pra caramba.",8.05,7.89
very_large_timing_shift,novela001__episode_0009,novela001,episode_0009,retime,1.0,1,1,[3],[6],"Vamos ver como os outros lidam com isso, tá?","Vamos ver como os outros lidam com isso, tá?",8.489,7.622
very_large_timing_shift,novela001__episode_0009,novela001,episode_0009,split,1.0,1,2,[4],"[7, 8]",A Academia de Lobisomem só recruta os melhores guerreiros.,A Academia de Lobisomem só recruta os melhores guerreiros.,8.2,6.956
very_large_timing_shift,novela001__episode_0009,novela001,episode_0009,retime,1.0,1,1,[5],[9],Quem é que vai ser o primeiro?,Quem é que vai ser o primeiro?,8.334,6.756
very_large_timing_shift,novela001__episode_0009,novela001,episode_0009,resegment,0.9342,2,2,"[26, 27]","[29, 30]","Eu! O poder do Matthew é quase nível veterano, e mesmo assim ele está sofrendo.","O poder do Matthew é quase nível veterano, e mesmo assim ele tá sofrendo.",10.999,0.481
very_large_timing_shift,novela001__episode_0009,novela001,episode_0009,split,1.0,1,2,[29],"[32, 33]","Ninguém aguenta o ataque do lobo além do Matthew, ele é um gênio de verdade.","Ninguém aguenta o ataque do lobo além do Matthew, ele é um gênio de verdade.",9.016,8.728
delete_text_very_long_review,novela001__episode_0009,novela001,episode_0009,delete_text,0.0,1,0,[30],[],Isso é o golpe da presa lunar! Técnica pesadíssima! O desafio subiu de nível!,,,
delete_text_very_long_review,novela001__episode_0009,novela001,episode_0009,delete_text,0.0,1,0,[38],[],"O treinador usou menos de 1% do poder dele, mas a capacidade dele é inimaginável!",,,
delete_text_very_long_review,novela001__episode_0010,novela001,episode_0010,delete_text,0.0,1,0,[39],[],Agora já é tarde pra isso. A vida dele já não está mais nas mãos dele.,,,
delete_text_very_long_review,novela001__episode_0010,novela001,episode_0010,delete_text,0.0,1,0,[41],[],Agora já é tarde pra isso. A vida dele já não está mais nas mãos dele.,,,
delete_text_very_long_review,novela001__episode_0010,novela001,episode_0010,delete_text,0.0,1,0,[43],[],"Meu pai, esse é o modo fúria do treinador. Ele tá usando 100% do poder.",,,
delete_text_very_long_review,novela001__episode_0020,novela001,episode_0020,delete_text,0.0,1,0,[4],[],Isso é inacreditável. O Duque atacou com toda a força e não conseguiu nem tocar nesse cara.,,,
delete_text_very_long_review,novela001__episode_0021,novela001,episode_0021,delete_text,0.0,1,0,[16],[],"Mas Harry, você não quebrou todas as bolas de cristal na sala do oráculo?",,,
delete_text_very_long_review,novela001__episode_0023,novela001,episode_0023,delete_text,0.0,1,0,[3],[],Me disseram que você fez o exame de entrada da Academia dos Lobisomens.,,,
delete_text_very_long_review,novela001__episode_0023,novela001,episode_0023,delete_text,0.0,1,0,[4],[],E me contaram que seus resultados mostram que você é totalmente sem poder.,,,
very_large_timing_shift,novela001__episode_0026,novela001,episode_0026,merge,0.9111,2,1,"[14, 15]",[19],"Não. Por favor, deixe a gente manter nosso laço.","Por favor, deixe a gente manter nosso laço.",19.489,-0.025
delete_text_very_long_review,novela001__episode_0032,novela001,episode_0032,delete_text,0.0,1,0,[2],[],"William, se meu irmão não quer que o vínculo dele seja rompido, faça o que ele mandar.",,,
delete_text_very_long_review,novela001__episode_0032,novela001,episode_0032,delete_text,0.0,1,0,[6],[],"Meu rei, como o senhor sabe, é essencial que uma loba escolha o seu companheiro.",,,
delete_text_very_long_review,novela001__episode_0032,novela001,episode_0032,delete_text,0.0,1,0,[17],[],Você e eu já brigamos uma vez para ser companheiro da Lili e eu venci.,,,
delete_text_very_long_review,novela001__episode_0034,novela001,episode_0034,delete_text,0.0,1,0,[1],[],"O pai dela matou ela. Owen, você é um mago. Por favor, diz que sabe o que fazer.",,,
very_large_timing_shift,novela001__episode_0041,novela001,episode_0041,retime,1.0,1,1,[1],[1],"Com licença, senhorita. Você sabe como chegar na casa de Leilões Legacy?","Com licença, senhorita. Você sabe como chegar na casa de leilões Legacy?",11.617,0.367
delete_text_very_long_review,novela001__episode_0042,novela001,episode_0042,delete_text,0.0,1,0,[12],[],Aqui é a Casa de Leilões Legacy. Não é um abrigo pra cachorrinhos perdidos.,,,
delete_text_very_long_review,novela001__episode_0042,novela001,episode_0042,delete_text,0.0,1,0,[17],[],"Tinha esse cara, certo? Esse vira-lata mexiço que aparece no exame de admissão da Academia Mundial achando que é o fortão.",,,
very_large_timing_shift,novela001__episode_0045,novela001,episode_0045,retime,1.0,1,1,[5],[5],"Quando é que você ficou tão rico assim, Owen?","Quando é que você ficou tão rico assim, Owen?",8.975,0.049
very_large_timing_shift,novela001__episode_0046,novela001,episode_0046,split,1.0,1,2,[1],"[1, 2]",Lupin! O cartão preto! Alguém viu ele na casa de Leilão!,Lupin! O cartão preto! Alguém viu ele na casa de Leilão!,8.053,5.958
delete_text_very_long_review,novela001__episode_0046,novela001,episode_0046,delete_text,0.0,1,0,[7],[],"Senhor! Você precisa de criado, senhor! Eu faço qualquer coisa por você!",,,
delete_text_very_long_review,novela001__episode_0046,novela001,episode_0046,delete_text,0.0,1,0,[9],[],Senhor! Peço mil desculpas por termos sido rudes! Você pode nos fazer rastejar se quiser! A gente faz qualquer coisa!,,,
delete_text_very_long_review,novela001__episode_0046,novela001,episode_0046,delete_text,0.0,1,0,[10],[],Vocês tão malucos? Preferia quando vocês estavam sendo rudes! Vocês tão loucos!,,,
delete_text_very_long_review,novela001__episode_0046,novela001,episode_0046,delete_text,0.0,1,0,[11],[],Vocês tão malucos? Preferia quando vocês estavam sendo rudes! Vocês tão latindo! Que bizarro!,,,
delete_text_very_long_review,novela001__episode_0046,novela001,episode_0046,delete_text,0.0,1,0,[12],[],Isso é tudo culpa sua! Você acha que pode me pegar só porque é maior que eu?,,,
very_large_timing_shift,novela001__episode_0055,novela001,episode_0055,retime,1.0,1,1,[6],[8],Como ousa me tocar de novo?,Como ousa me tocar de novo?,9.562,-0.125
very_large_timing_shift,novela001__episode_0057,novela001,episode_0057,retime,1.0,1,1,[27],[27],Você pagou caro demais nisso. Eu não posso.,Você pagou caro demais nisso. Eu não posso.,8.083,7.375
very_large_timing_shift,novela001__episode_0058,novela001,episode_0058,retime,1.0,1,1,[5],[4],"Ele, com certeza, vai salvar Ellara.","Ele, com certeza, vai salvar Ellara.",0.997,-8.165
delete_text_very_long_review,novela001__episode_0059,novela001,episode_0059,delete_text,0.0,1,0,[6],[],cadê o Logan? ah ele voltou para o castelo do rei alpha em três dias vai,,,
delete_text_very_long_review,novela001__episode_0059,novela001,episode_0059,delete_text,0.0,1,0,[8],[],eles precisam de alguém pra comandar os exércitos contra a invasão vampire,,,
delete_text_very_long_review,novela001__episode_0059,novela001,episode_0059,delete_text,0.0,1,0,[10],[],eu andei pensando e acho que agora é hora de entrar no exército para lutar e,,,
insert_very_long_review,novela001__episode_0059,novela001,episode_0059,insert,0.0,0,1,[],[15],,Eles precisam de alguém para comandar os exércitos contra a Invasão Vampira.,,
very_large_timing_shift,novela001__episode_0060,novela001,episode_0060,split,1.0,1,2,[1],"[1, 2]","Hoje, o Rei Alpha vai escolher a Grande Gema. Gostaria de tentar?","Hoje, o Rei Alpha vai escolher a Grande Gema. Gostaria de tentar?",10.088,9.649
very_large_timing_shift,novela001__episode_0060,novela001,episode_0060,split,1.0,1,2,[2],"[3, 4]",Eu sou fraco demais. Com certeza não sou material para a gama.,Eu sou fraco demais. Com certeza não sou material para a gama.,9.674,8.94
very_large_timing_shift,novela001__episode_0060,novela001,episode_0060,split,1.0,1,2,[3],"[5, 6]",O Mestre nem percebe o poder que tem. Os mentores dele são exigentes.,O Mestre nem percebe o poder que tem. Os mentores dele são exigentes.,9.562,9.542
very_large_timing_shift,novela001__episode_0060,novela001,episode_0060,split,1.0,1,2,[4],"[7, 8]",Eles o escolheram. Isso já diz tudo. Ele é o gênio dos gênios.,Eles o escolheram. Isso já diz tudo. Ele é o gênio dos gênios.,10.029,9.924
very_large_timing_shift,novela001__episode_0060,novela001,episode_0060,retime,1.0,1,1,[5],[9],Mal posso esperar para ver o que vai fazer.,Mal posso esperar para ver o que vai fazer.,10.336,9.828
very_large_timing_shift,novela001__episode_0060,novela001,episode_0060,retime,1.0,1,1,[6],[10],Eu também.,Eu também.,9.874,9.429
delete_text_very_long_review,novela001__episode_0070,novela001,episode_0070,delete_text,0.0,1,0,[1],[],"Meu rei, como seu Gamma, se eu for escolhido, liderarei os exércitos rumo à vitória.",,,
delete_text_very_long_review,novela001__episode_0070,novela001,episode_0070,delete_text,0.0,1,0,[3],[],"Adam é o Gamma escolhido pelo próprio rei Alpha, o único reconhecido pelo rei.",,,
very_large_timing_shift,novela001__episode_0076,novela001,episode_0076,retime,1.0,1,1,[4],[4],Avança!,Avança!,8.64,7.406
very_large_timing_shift,novela001__episode_0076,novela001,episode_0076,retime,1.0,1,1,[6],[6],Acho que o Logan não consegue enfrentar o Harry.,Acho que o Logan não consegue enfrentar o Harry.,8.23,7.844
very_large_timing_shift,novela001__episode_0076,novela001,episode_0076,retime,1.0,1,1,[7],[7],Você está certo.,Você está certo.,8.253,7.108
very_large_timing_shift,novela001__episode_0076,novela001,episode_0076,split,1.0,1,2,[8],"[8, 9]",O Harry já superou o Logan.,"O Harry, já superou o Logan.",8.034,7.581
very_large_timing_shift,novela001__episode_0079,novela001,episode_0079,split,1.0,1,2,[1],"[1, 2]","Se vocês chegarem a um passo da Ellara, eu vou matar vocês dois!","Se vocês chegarem a um passo da Ellara, eu vou matar vocês dois!",25.593,0.343
delete_text_very_long_review,novela002__episode_0001,novela002,episode_0001,delete_text,0.0,1,0,[3],[],"Mesmo saudável, você não pode ter. Você nem sabe de quem é essa criança. Além disso, você nem se formou na faculdade ainda. Mesmo que tivesse, não teria como sustentar.",,,
delete_text_very_long_review,novela002__episode_0001,novela002,episode_0001,delete_text,0.0,1,0,[8],[],Ligação do quarto 1809. Fiquei perguntando e não responderam. Povo doido.,,,
delete_text_very_long_review,novela002__episode_0001,novela002,episode_0001,delete_text,0.0,1,0,[20],[],"A família Silva sempre foi pequena e unigenita por gerações, e sempre por fertilização.",,,
delete_text_very_long_review,novela002__episode_0003,novela002,episode_0003,delete_text,0.0,1,0,[4],[],Tereza! Você não tem vergonha! Como pode vender a si mesma só por dinheiro? Me dá isso aqui!,,,
delete_text_very_long_review,novela002__episode_0003,novela002,episode_0003,delete_text,0.0,1,0,[5],[],É meu filho. É claro que eu vou ter. Quem não quer que o próprio filho tenha uma vida boa?,,,
delete_text_very_long_review,novela002__episode_0003,novela002,episode_0003,delete_text,0.0,1,0,[10],[],Isso! Meu pai é foda! Pena que minha mãe é muito ingênua. O cérebro dela é tão ralo que nem pra fundir serve.,,,
delete_text_very_long_review,novela002__episode_0003,novela002,episode_0003,delete_text,0.0,1,0,[13],[],Você mora nesse cubículo velho e ainda divide aluguel com essa tal de amiga?,,,
delete_text_very_long_review,novela002__episode_0003,novela002,episode_0003,delete_text,0.0,1,0,[14],[],Amanhã mesmo me mudo. Corto laços como as influências. Pra garantir um bom ambiente pro bebê.,,,
delete_text_very_long_review,novela002__episode_0003,novela002,episode_0003,delete_text,0.0,1,0,[20],[],"Nessa vida, além de te dar conforto, eu vou fazer de você a princesa mais feliz do mundo.",,,
very_large_timing_shift,novela002__episode_0004,novela002,episode_0004,split,1.0,1,2,[2],"[2, 3]",Você não pode jogar fora essa coisa aí?,Você não pode jogar fora essa coisa aí?,11.55,10.697
very_large_timing_shift,novela002__episode_0004,novela002,episode_0004,retime,1.0,1,1,[3],[4],Isso não é tralha.,Isso não é tralha!,11.009,10.45
delete_text_very_long_review,novela002__episode_0005,novela002,episode_0005,delete_text,0.0,1,0,[2],[],"Olha, por favor, será que poderia me inscrever na melhor aula de yoga para gestantes?",,,
delete_text_very_long_review,novela002__episode_0005,novela002,episode_0005,delete_text,0.0,1,0,[3],[],"E também, contratar uma equipe de nutricionistas para orientar minhas refeições?",,,
delete_text_very_long_review,novela002__episode_0005,novela002,episode_0005,delete_text,0.0,1,0,[5],[],"Além de exercícios e dietação, eu também preciso de uma equipe de alunos.",,,
delete_text_very_long_review,novela002__episode_0005,novela002,episode_0005,delete_text,0.0,1,0,[8],[],"Ah, e marque com a equipe de maquiagem que atende as celebridades, tá?",,,
delete_text_very_long_review,novela002__episode_0005,novela002,episode_0005,delete_text,0.0,1,0,[13],[],"E também, contratar uma equipe de nutricionistas para orientar minhas refeições.",,,
delete_text_very_long_review,novela002__episode_0005,novela002,episode_0005,delete_text,0.0,1,0,[16],[],"E também, contratar uma equipe de alunos para orientar minhas refeições.",,,
delete_text_very_long_review,novela002__episode_0005,novela002,episode_0005,delete_text,0.0,1,0,[34],[],"Pois é. Ela é tão brega e feia, quem iria querer? Será que o cara é um velho?",,,
delete_text_very_long_review,novela002__episode_0006,novela002,episode_0006,delete_text,0.0,1,0,[2],[],"É do nosso departamento? Se tivesse uma gata dessas aqui, Viviana não ia ser a mais gata.",,,
delete_text_very_long_review,novela002__episode_0006,novela002,episode_0006,delete_text,0.0,1,0,[3],[],"Eu não sei o que você está dizendo, mas eu acho que a Viviana é muito mais bonita.",,,
delete_text_very_long_review,novela002__episode_0006,novela002,episode_0006,delete_text,0.0,1,0,[10],[],"Que mesmo atarefado, arrumou um tempo para comparecer a nossa formatura.",,,
delete_text_very_long_review,novela002__episode_0006,novela002,episode_0006,delete_text,0.0,1,0,[19],[],"Agora, a professora Ferreira anunciará os formandos destaques deste ano.",,,
delete_text_very_long_review,novela002__episode_0006,novela002,episode_0006,delete_text,0.0,1,0,[20],[],"Este ano, tem três alunos em destaque em nosso curso de gestão hoteleira.",,,
delete_text_very_long_review,novela002__episode_0006,novela002,episode_0006,delete_text,0.0,1,0,[22],[],Convidamos os três alunos a vir ao palco receber seus diplomas de honra.,,,
delete_text_very_long_review,novela002__episode_0007,novela002,episode_0007,delete_text,0.0,1,0,[2],[],"Durante o estágio, ela ficou com um magnata, virou amante dele e ainda engravidou.",,,
very_large_timing_shift,novela002__episode_0011,novela002,episode_0011,retime,1.0,1,1,[4],[5],Oi!,Oi!,8.248,7.998
very_large_timing_shift,novela002__episode_0011,novela002,episode_0011,merge,1.0,2,1,"[5, 6]",[6],Vovó! Mamãe!,"Vovó, mamãe!",10.665,10.317
very_large_timing_shift,novela002__episode_0011,novela002,episode_0011,merge,1.0,2,1,"[7, 8]",[7],Nossa! Essa criança!,"Nossa, essa criança!",10.342,10.18
very_large_timing_shift,novela002__episode_0011,novela002,episode_0011,retime,1.0,1,1,[9],[8],Ela está me cumprimentando!,Ela está me cumprimentando!,10.687,9.357
very_large_timing_shift,novela002__episode_0011,novela002,episode_0011,retime,1.0,1,1,[10],[9],Esse bebê veio mesmo para trazer alegria.,Esse bebê veio mesmo para trazer alegria!,11.2,10.655
very_large_timing_shift,novela002__episode_0011,novela002,episode_0011,retime,1.0,1,1,[34],[26],Vou levar tudo dessa fileira.,Vou levar tudo dessa fileira.,10.5,8.765
delete_text_very_long_review,novela002__episode_0012,novela002,episode_0012,delete_text,0.0,1,0,[5],[],É? Mas você não disse que a gravidez era segredo? E agora só se fala nisso no noticiário.,,,
delete_text_very_long_review,novela002__episode_0012,novela002,episode_0012,delete_text,0.0,1,0,[6],[],"Era pra ser segredo, mas a família Silva estava tão feliz que acabou vazando.",,,
delete_text_very_long_review,novela002__episode_0012,novela002,episode_0012,delete_text,0.0,1,0,[14],[],"Seguindo nesse ritmo, se a antiga paixão dele não voltar para o país, minha mãe consegue conquistar meu pai de vez.",,,
delete_text_very_long_review,novela002__episode_0013,novela002,episode_0013,delete_text,0.0,1,0,[3],[],"Vadia! Para de fingir! Eu não caio nesses seus truques sujos, eu já investiguei.",,,
delete_text_very_long_review,novela002__episode_0013,novela002,episode_0013,delete_text,0.0,1,0,[4],[],Dessa vez a Jessica partiu pra agressão direto. Na vida passada ela só se fazia de coitadinha e de falsa inocente.,,,
delete_text_very_long_review,novela002__episode_0013,novela002,episode_0013,delete_text,0.0,1,0,[6],[],Acho que viu que eu tô prestes a subir e ela não aguentou. E mostrou a verdadeira cara.,,,
delete_text_very_long_review,novela002__episode_0013,novela002,episode_0013,delete_text,0.0,1,0,[9],[],"Senhorita, não sei onde foi que lhe ofendi, mas se me bater puder lhe acalmar, então pode bater. Pode bater, vai.",,,
delete_text_very_long_review,novela002__episode_0013,novela002,episode_0013,delete_text,0.0,1,0,[17],[],Seu caso de drogas foi suspeito. Eu contratei os melhores advogados. Tudo foi manipulado pela Teresa.,,,
delete_text_very_long_review,novela002__episode_0013,novela002,episode_0013,delete_text,0.0,1,0,[20],[],"Senhor Silva, eu posso provar que isso tudo foi manipulado pela Teresa.",,,
delete_text_very_long_review,novela002__episode_0016,novela002,episode_0016,delete_text,0.0,1,0,[13],[],"Olhem bem, o Laudo está dizendo que o bebê e o Tiago não tem parentesco nenhum.",,,
delete_text_very_long_review,novela002__episode_0016,novela002,episode_0016,delete_text,0.0,1,0,[14],[],Uma interesseira que sobe na cama. Como pode se comparar a Srta. Barbosa?,,,
delete_text_very_long_review,novela002__episode_0016,novela002,episode_0016,delete_text,0.0,1,0,[16],[],É mesmo. O Sr. Silva odeia ser enganado. Quero ver o fim dessa piranha.,,,
delete_text_very_long_review,novela002__episode_0017,novela002,episode_0017,delete_text,0.0,1,0,[1],[],"Tiago, com uma mulher que te enganou desse jeito, você não pode ter nenhuma piedade.",,,
delete_text_very_long_review,novela002__episode_0017,novela002,episode_0017,delete_text,0.0,1,0,[3],[],"E todo o dinheiro que você gastou com ela, ela tem que devolver cada centavo ou processa",,,
delete_text_very_long_review,novela002__episode_0017,novela002,episode_0017,delete_text,0.0,1,0,[13],[],"Vovô, vovó, bisavô, vocês tem que acreditar na mamãe, senão meus dias de princesa vão",,,
delete_text_very_long_review,novela002__episode_0017,novela002,episode_0017,delete_text,0.0,1,0,[15],[],"O laudo já está aqui na nossa frente, então por que não some com essa criança bastarda",,,
delete_text_very_long_review,novela002__episode_0017,novela002,episode_0017,delete_text,0.0,1,0,[18],[],"Fui eu quem solicitou o teste e quem pagou também fui eu, porque recebeu o resultado",,,
delete_text_very_long_review,novela002__episode_0017,novela002,episode_0017,delete_text,0.0,1,0,[23],[],"Eu pensei que eram os detetives com resultado antecipado, aí nem conferi direito e vim contar",,,
delete_text_very_long_review,novela002__episode_0017,novela002,episode_0017,delete_text,0.0,1,0,[27],[],"O carimbo está desalinhado, a fonte também está borrada e não tem número de registro.",,,
delete_text_very_long_review,novela002__episode_0020,novela002,episode_0020,delete_text,0.0,1,0,[18],[],"Jéssica, só te trato como neta por consideração ao seu avô e à amizade que temos de muitos anos.",,,
delete_text_very_long_review,novela002__episode_0021,novela002,episode_0021,delete_text,0.0,1,0,[4],[],"Me escuta Jessica, se acontecer alguma coisa com a Tereza ou com o bebê, eu não vou te perdoar!",,,
delete_text_very_long_review,novela002__episode_0021,novela002,episode_0021,delete_text,0.0,1,0,[8],[],"Filho, você está cego. Por que não impediu a Tereza? Por que não se posicionou e disse que confiava nela?",,,
delete_text_very_long_review,novela002__episode_0021,novela002,episode_0021,delete_text,0.0,1,0,[10],[],"Seu idiota! Se você não fosse tão parcial com a Jessica, não teria toda essa confusão e a minha Nora não estaria sofrendo desta forma!",,,
very_large_timing_shift,novela002__episode_0024,novela002,episode_0024,retime,0.9804,1,1,[23],[28],Quem sabe não foi você que cortou a mão pra forjar.,Quem sabe não foi você que cortou a mão para forjar?,10.86,10.4
delete_text_very_long_review,novela002__episode_0024,novela002,episode_0024,delete_text,0.0,1,0,[24],[],"Senhora, Tiago, não aguento ver vocês sendo enganados por essa mulher interesseira.",,,
delete_text_very_long_review,novela002__episode_0024,novela002,episode_0024,delete_text,0.0,1,0,[37],[],"Na minha opinião, ela só quer enganar vocês pra extorquir a família Silva.",,,
delete_text_very_long_review,novela002__episode_0025,novela002,episode_0025,delete_text,0.0,1,0,[2],[],"Srta. Barbosa, você já falsificou laudos pra me difamar, já fez isso antes.",,,
delete_text_very_long_review,novela002__episode_0025,novela002,episode_0025,delete_text,0.0,1,0,[3],[],É difícil não suspeitar que essa médica foi trazida por você pra me difamar.,,,
delete_text_very_long_review,novela002__episode_0025,novela002,episode_0025,delete_text,0.0,1,0,[25],[],"Antes me preocupava que Tereza fosse medrosa, mas vendo ela assim, fico tranquila.",,,
delete_text_very_long_review,novela002__episode_0025,novela002,episode_0025,delete_text,0.0,1,0,[35],[],"E na hora, a nossa família vai estar toda reunida pra abrir o resultado.",,,
delete_text_very_long_review,novela002__episode_0026,novela002,episode_0026,delete_text,0.0,1,0,[11],[],"Teresa, agora não me chama mais de Sr. Silva. Pode me chamar de querido.",,,
delete_text_very_long_review,novela002__episode_0026,novela002,episode_0026,delete_text,0.0,1,0,[14],[],"Pelo visto, a minha mãe já quase conquistou o meu pai. Eu pequenininha vou ter papai e mamãe juntos.",,,
delete_text_very_long_review,novela002__episode_0034,novela002,episode_0034,delete_text,0.0,1,0,[1],[],Ótimo! Ótimo! Mas que maravilha! Nossa família finalmente conseguiu ter uma criança por concepção natural!,,,
delete_text_very_long_review,novela002__episode_0034,novela002,episode_0034,delete_text,0.0,1,0,[2],[],"Eu já disse, não deviam duvidar de Teresa. Ela e a bebê passaram por tanto sofrimento à toa.",,,
delete_text_very_long_review,novela002__episode_0034,novela002,episode_0034,delete_text,0.0,1,0,[3],[],O resultado do teste confirma que a criança é da nossa família e também diz que é provavelmente uma menina.,,,
delete_text_very_long_review,novela002__episode_0034,novela002,episode_0034,delete_text,0.0,1,0,[7],[],Impossível! Essa criança bastarda não pode ser do Tiago! Eu claramente...,,,
delete_text_very_long_review,novela002__episode_0034,novela002,episode_0034,delete_text,0.0,1,0,[9],[],"Você realmente achou que eu ia trocar o laudo? Sr. Silva, ela tentou me subornar com 4 milhões.",,,
delete_text_very_long_review,novela002__episode_0034,novela002,episode_0034,delete_text,0.0,1,0,[11],[],"Henrique, o que você quer dizer? Quer arrumar problema com os Barbosa?",,,
delete_text_very_long_review,novela002__episode_0034,novela002,episode_0034,delete_text,0.0,1,0,[12],[],Quem diria? Essa Jéssica que era uma antiga paixão virou um pó de carvão e ainda insiste em causar confusão.,,,
delete_text_very_long_review,novela002__episode_0034,novela002,episode_0034,delete_text,0.0,1,0,[13],[],Agora foi pega no flagra. O Sr. Henrique é íntegro. Ele foi a única pessoa que nos ajudou quando a mamãe se separou da família Silva.,,,
delete_text_very_long_review,novela002__episode_0034,novela002,episode_0034,delete_text,0.0,1,0,[14],[],"Eu não fiz isso, Tiago. Ela está me incriminando. Ele defende tanto a Teresa que eles devem ter um caso.",,,
delete_text_very_long_review,novela002__episode_0034,novela002,episode_0034,delete_text,0.0,1,0,[16],[],Não é do Henrique! O laudo é falso também! Ele quer tomar a família Silva!,,,
delete_text_very_long_review,novela002__episode_0036,novela002,episode_0036,delete_text,0.0,1,0,[6],[],"Vovô, eu nem sei o que dizer. Obrigada mesmo por darem a essa criança uma vida tão boa.",,,
delete_text_very_long_review,novela002__episode_0036,novela002,episode_0036,delete_text,0.0,1,0,[9],[],"Entre família, sem cerimônia, você engravidou do meu filho e mostra que é um laço profundo.",,,
delete_text_very_long_review,novela002__episode_0036,novela002,episode_0036,delete_text,0.0,1,0,[11],[],O vínculo entre você e nossa família com certeza é o mais profundo do que imagina.,,,
delete_text_very_long_review,novela002__episode_0036,novela002,episode_0036,delete_text,0.0,1,0,[16],[],"Fique tranquila. Nesse período, vou fazer esse moleque vir e te fazer companhia todo dia.",,,
delete_text_very_long_review,novela002__episode_0036,novela002,episode_0036,delete_text,0.0,1,0,[19],[],"Senhora Silva, que cegueira sua! Os pais dessa mulher são lavradores e criam porcos.",,,
delete_text_very_long_review,novela002__episode_0037,novela002,episode_0037,delete_text,0.0,1,0,[5],[],"Agora que viu que ele tá com a minha mãe, além de usar truques baixos contra ela,",,,
delete_text_very_long_review,novela002__episode_0037,novela002,episode_0037,delete_text,0.0,1,0,[7],[],"Olha, Tiago, se você insistir em casar com essa caipira, a colaboração entre nossas famílias será cancelada a partir de hoje.",,,
delete_text_very_long_review,novela002__episode_0037,novela002,episode_0037,delete_text,0.0,1,0,[9],[],"Quanto mais a Jéssica faz essas manhas, mais a imagem que meu pai tem dela vai se desfazer.",,,
delete_text_very_long_review,novela002__episode_0037,novela002,episode_0037,delete_text,0.0,1,0,[10],[],"Além disso, meus avós não são fracos. Ameaçar cancela a cooperação? Que piada!",,,
delete_text_very_long_review,novela002__episode_0037,novela002,episode_0037,delete_text,0.0,1,0,[11],[],É verdade. Mas senhora Silva não é qualquer uma. O Tiago sempre é implacável nos negócios.,,,
delete_text_very_long_review,novela002__episode_0037,novela002,episode_0037,delete_text,0.0,1,0,[13],[],A Jéssica trouxe o avô pra pressionar o Tiago e isso só vai acelerar a destruição do relacionamento deles.,,,
delete_text_very_long_review,novela002__episode_0037,novela002,episode_0037,delete_text,0.0,1,0,[18],[],"Se vocês não conseguem nem barrar esse tipo de intrusão, amanhã não precisam voltar!",,,
very_large_timing_shift,novela002__episode_0039,novela002,episode_0039,retime,1.0,1,1,[18],[24],Jéssica.,"Jéssica,",8.2,7.94
very_large_timing_shift,novela002__episode_0039,novela002,episode_0039,retime,1.0,1,1,[20],[26],E ainda não acertei as contas com você.,e ainda não acertei as contas com você.,8.04,7.84
very_large_timing_shift,novela002__episode_0039,novela002,episode_0039,split,1.0,1,2,[22],"[28, 29]","Seu comportamento ridículo, agressivo e baixo nunca foi adequado para o meu filho.","Seu comportamento ridículo, agressivo e baixo, nunca foi adequado para o meu filho.",7.64,8.02
very_large_timing_shift,novela002__episode_0039,novela002,episode_0039,split,0.9444,1,2,[23],"[30, 31]","Senhora Silva, está mesmo disposta a romper com a família Barbosa por ela?","Sra. Silva, está mesmo disposta a romper com a família Barbosa por ela?",8.2,6.64
delete_text_very_long_review,novela002__episode_0041,novela002,episode_0041,delete_text,0.0,1,0,[4],[],"Quando eu vi aquelas fotos, aceitei o teste de DNA, porque, na verdade, eu fiquei com ciúmes.",,,
delete_text_very_long_review,novela002__episode_0041,novela002,episode_0041,delete_text,0.0,1,0,[6],[],"A culpa foi minha, então eu espero que você me dê a oportunidade de ser o seu marido,",,,
delete_text_very_long_review,novela002__episode_0041,novela002,episode_0041,delete_text,0.0,1,0,[10],[],Quem diria? Esses chefões da realidade são tão educados e respeitosos.,,,
delete_text_very_long_review,novela002__episode_0041,novela002,episode_0041,delete_text,0.0,1,0,[11],[],"No meu plano, era pra eu quebrar a cabeça pedindo uma posição pra ele.",,,
delete_text_very_long_review,novela002__episode_0041,novela002,episode_0041,delete_text,0.0,1,0,[15],[],"Eu sou ciumenta, então não aguento dividir o seu coração com outra pessoa.",,,
delete_text_very_long_review,novela002__episode_0041,novela002,episode_0041,delete_text,0.0,1,0,[20],[],"Que maravilha! Quando o papai e a mamãe se casarem, eu serei legítima da família Silva.",,,
delete_text_very_long_review,novela002__episode_0047,novela002,episode_0047,delete_text,0.0,1,0,[9],[],Agora vai ser um parto prematuro forçado. A criança ou nasce prematura ou será natimorta. Não tem jeito.,,,
delete_text_very_long_review,novela002__episode_0047,novela002,episode_0047,delete_text,0.0,1,0,[14],[],"Ela já está sangrando. Pelo quadro atual, há 80% de chance de natimorto.",,,
delete_text_very_long_review,novela002__episode_0047,novela002,episode_0047,delete_text,0.0,1,0,[15],[],"Para proteger a senhora, precisamos fazer uma cesariana de emergência.",,,
insert_very_long_review,novela002__episode_0047,novela002,episode_0047,insert,0.0,0,1,[],[28],,"Para proteger a senhora, precisamos fazer uma cesariana de emergência.",,
delete_text_very_long_review,novela002__episode_0049,novela002,episode_0049,delete_text,0.0,1,0,[7],[],"Se você tiver um bebê saudável, eu vou te dar mais 40 milhões como bônus.",,,
delete_text_very_long_review,novela002__episode_0049,novela002,episode_0049,delete_text,0.0,1,0,[13],[],"Como assim? Depois que o bebê nascer, você vai trocar as fraldas dela?",,,
delete_text_very_long_review,novela002__episode_0052,novela002,episode_0052,delete_text,0.0,1,0,[7],[],"Pai, como pode ser culpa de vocês? Vocês me dão a melhor comida, as melhores coisas.",,,
delete_text_very_long_review,novela002__episode_0052,novela002,episode_0052,delete_text,0.0,1,0,[8],[],"Se não tivesse grávida da filha do Tiago, não teria passado por tanto sofrimento.",,,
delete_text_very_long_review,novela002__episode_0052,novela002,episode_0052,delete_text,0.0,1,0,[9],[],Você é a heroína da nossa família Silva. Pode pedir o que você quiser.,,,
delete_text_very_long_review,novela002__episode_0052,novela002,episode_0052,delete_text,0.0,1,0,[16],[],"Pai, mãe. A Teresa só está preocupada. Depois eu levo vocês para o check-up.",,,
delete_text_very_long_review,novela002__episode_0052,novela002,episode_0052,delete_text,0.0,1,0,[17],[],Não precisa se incomodar. Viemos para cuidar dela. Não para ela se preocupar com a gente.,,,
delete_text_very_long_review,novela002__episode_0052,novela002,episode_0052,delete_text,0.0,1,0,[18],[],Fiquem tranquilos. Nós cuidamos de Teresa. Não se preocupem. Vão com o Tiago fazer o check-up.,,,
delete_text_very_long_review,novela002__episode_0053,novela002,episode_0053,delete_text,0.0,1,0,[19],[],"Se não fosse o parto prematuro, a bebê agora ainda estaria na minha barriga, tagarelando sem parar, né?",,,
delete_text_very_long_review,novela002__episode_0054,novela002,episode_0054,delete_text,0.0,1,0,[9],[],"Se você não fizer, eu garanto que por mais bênçãos que acumule, ninguém vai usufruir.",,,
delete_text_very_long_review,novela002__episode_0054,novela002,episode_0054,delete_text,0.0,1,0,[10],[],"Sr. Barbosa, eu não sou idiota. Eu, Violeta, lutei a vida toda. Já tratei de muitos poderosos e sempre saí ilesa.",,,
delete_text_very_long_review,novela002__episode_0054,novela002,episode_0054,delete_text,0.0,1,0,[11],[],"No máximo, cairemos todos juntos. Vocês me subornaram para prejudicar a herdeira da família Silva.",,,
delete_text_very_long_review,novela002__episode_0054,novela002,episode_0054,delete_text,0.0,1,0,[16],[],"O que tá feito, tá feito. Os assuntos da família Silva não precisa mais cuidar.",,,
delete_text_very_long_review,novela002__episode_0055,novela002,episode_0055,delete_text,0.0,1,0,[8],[],"Achei que era filha de algum magnata. São muito desiguais, não combinam nada.",,,
delete_text_very_long_review,novela002__episode_0055,novela002,episode_0055,delete_text,0.0,1,0,[9],[],"Olha só as fotos que vazaram dos pais dela, essa pele queimada de sol, esse ar simples.",,,
delete_text_very_long_review,novela002__episode_0055,novela002,episode_0055,delete_text,0.0,1,0,[10],[],E dizem que são os pais biológicos da Teresa? Como ela chegou na família Silva?,,,
delete_text_very_long_review,novela002__episode_0055,novela002,episode_0055,delete_text,0.0,1,0,[12],[],"Duvido ainda. Com certeza fez cirurgia plástica, olha essa foto antiga.",,,
delete_text_very_long_review,novela002__episode_0055,novela002,episode_0055,delete_text,0.0,1,0,[13],[],Essa menina brega e a atual rainha da alta costura são a mesma pessoa?,,,
delete_text_very_long_review,novela002__episode_0055,novela002,episode_0055,delete_text,0.0,1,0,[15],[],Será que foi com essa cara artificial? Eu não acredito que os ricos são tão cegos.,,,
delete_text_very_long_review,novela002__episode_0055,novela002,episode_0055,delete_text,0.0,1,0,[17],[],"Ela tinha uma estratégia, certeza. Ou usou algum jeito obscuro para subir na vida.",,,
delete_text_very_long_review,novela002__episode_0055,novela002,episode_0055,delete_text,0.0,1,0,[19],[],"Estou esperando mais fofocas. Tô curioso, quanto ela pagou para os ex-namorados calarem a boca?",,,
delete_text_very_long_review,novela002__episode_0058,novela002,episode_0058,delete_text,0.0,1,0,[16],[],A culpa é minha. Por que eu não percebi antes que a condição da minha filha estava estranha?,,,
delete_text_very_long_review,novela002__episode_0059,novela002,episode_0059,delete_text,0.0,1,0,[1],[],O que é? Quer roubar minha filha em público? Cadê a justiça? Não existe mais lei!,,,
delete_text_very_long_review,novela002__episode_0059,novela002,episode_0059,delete_text,0.0,1,0,[11],[],"Se continuarem com isso, vou chamar repórteres para expor a família Silva roubando crianças.",,,
delete_text_very_long_review,novela002__episode_0059,novela002,episode_0059,delete_text,0.0,1,0,[12],[],"Senhor Silva, vocês erraram. Essa criança não é de vocês. É da senhorita Viviana. A de vocês ainda está fazendo exames.",,,
delete_text_very_long_review,novela002__episode_0059,novela002,episode_0059,delete_text,0.0,1,0,[18],[],"Senhores, por favor, controlem a família de vocês. Não ajam como loucos, roubando a filha dos outros.",,,
delete_text_very_long_review,novela002__episode_0059,novela002,episode_0059,delete_text,0.0,1,0,[19],[],"Terezinha, acho que você teve um bebezinho com defeito e por isso quer roubar a minha.",,,
delete_text_very_long_review,novela002__episode_0059,novela002,episode_0059,delete_text,0.0,1,0,[20],[],"Credo! Quem é a sua filha? Que azar! Papai, mamãe, vovô, vovó, avô, avó, me salvem!",,,
delete_text_very_long_review,novela002__episode_0059,novela002,episode_0059,delete_text,0.0,1,0,[21],[],A amiga falsa da mamãe trocou a gente de lugar e ainda querem me dar pra Jéssica me torturar.,,,
delete_text_very_long_review,novela002__episode_0061,novela002,episode_0061,delete_text,0.0,1,0,[18],[],"Jéssica, se você devolver a criança agora, eu arrumo um advogado pra você.",,,
delete_text_very_long_review,novela003__episode_0002,novela003,episode_0002,delete_text,0.0,1,0,[12],[],"Por favor, tio, dá um macarrão pra mamãe, vai. A mamãe come muito, mas é por causa da minha doença.",,,
delete_text_very_long_review,novela003__episode_0002,novela003,episode_0002,delete_text,0.0,1,0,[14],[],Eu tenho uma doença rara de falta de sangue. Um médico disse que meu sangue não é suficiente. Eu posso morrer.,,,
delete_text_very_long_review,novela003__episode_0002,novela003,episode_0002,delete_text,0.0,1,0,[16],[],Mamãe só pode continuar comendo pra aumentar o sangue no corpo. Assim ela consegue me doar sangue sem parar.,,,
delete_text_very_long_review,novela003__episode_0004,novela003,episode_0004,delete_text,0.0,1,0,[8],[],"Sr. Pinheiro, essa é a última de hoje. Eu acho que o Sr. não vai gostar. Eu acho melhor nem testar.",,,
delete_text_very_long_review,novela003__episode_0004,novela003,episode_0004,delete_text,0.0,1,0,[21],[],"Olha pra essa moça. Cintura larga, quadril grande. Dá pra ver que é uma pessoa de sorte.",,,
delete_text_very_long_review,novela003__episode_0005,novela003,episode_0005,delete_text,0.0,1,0,[16],[],"Se você não toma banho, você não acha que isso vai ser meio sujo, não?",,,
delete_text_very_long_review,novela003__episode_0005,novela003,episode_0005,delete_text,0.0,1,0,[21],[],"Pague a taxa de cirurgia em até dez minutos, senão vai ser transferida pro mês que vem.",,,
delete_text_very_long_review,novela003__episode_0005,novela003,episode_0005,delete_text,0.0,1,0,[22],[],A cirurgia da Paula não pode esperar mais. Eu preciso receber esse dinheiro.,,,
very_large_timing_shift,novela003__episode_0008,novela003,episode_0008,split,1.0,1,2,[14],"[30, 31]",Alguém tão gorda e feia que só faz o senhor se sentir mal.,Alguém tão gorda e feia que só faz o senhor se sentir mal.,0.417,-15.413
delete_text_very_long_review,novela003__episode_0010,novela003,episode_0010,delete_text,0.0,1,0,[1],[],"Se continuar assim, não vou conseguir sustentar a família, preciso me reerguer.",,,
delete_text_very_long_review,novela003__episode_0010,novela003,episode_0010,delete_text,0.0,1,0,[7],[],Ainda bem que eu mandei alguém entregar o convite para ela de propósito.,,,
delete_text_very_long_review,novela003__episode_0010,novela003,episode_0010,delete_text,0.0,1,0,[8],[],"Quando o Pedro vira ela passando vergonha, ele vai desistir de vez dela e vai focar só em mim.",,,
delete_text_very_long_review,novela003__episode_0010,novela003,episode_0010,delete_text,0.0,1,0,[10],[],Parabéns por se tornar a porta-voz da marca do Grupo Pinheiro. Você merece muito!,,,
delete_text_very_long_review,novela003__episode_0010,novela003,episode_0010,delete_text,0.0,1,0,[12],[],Ficou sabendo? A deusa das passarelas que ganhou todos os prêmios há seis anos vai voltar hoje na festa!,,,
delete_text_very_long_review,novela003__episode_0010,novela003,episode_0010,delete_text,0.0,1,0,[13],[],"Essa é a Cecília? Na época, a saída dela foi uma grande perda para o mundo da moda.",,,
delete_text_very_long_review,novela003__episode_0011,novela003,episode_0011,delete_text,0.0,1,0,[1],[],Olha só! Você não é aquela filha da gorda morta? Cadê a sua mãe gordona? Ela é tão feia que não tem coragem de sair de casa?,,,
delete_text_very_long_review,novela003__episode_0011,novela003,episode_0011,delete_text,0.0,1,0,[2],[],Para de chamar ela de gorda o tempo todo! Cuidado com o que fala! A minha mãe não é gorda!,,,
delete_text_very_long_review,novela003__episode_0011,novela003,episode_0011,delete_text,0.0,1,0,[3],[],"Ah, eu já sei! Com certeza ela acha que se viesse ia passar vergonha mesmo.",,,
delete_text_very_long_review,novela003__episode_0011,novela003,episode_0011,delete_text,0.0,1,0,[4],[],Então mando você uma pivetinha pra ver se consegue colocar a sua filha na sua casa.,,,
delete_text_very_long_review,novela003__episode_0011,novela003,episode_0011,delete_text,0.0,1,0,[5],[],Pois é! Essa pirralha é igualzinha a mãe gorda dela! Baixinha e feia! Não serve pra nada!,,,
delete_text_very_long_review,novela003__episode_0011,novela003,episode_0011,delete_text,0.0,1,0,[6],[],"Os polos aqui são pra todo mundo comer! Se vocês podem comer, por que eu também não posso?",,,
delete_text_very_long_review,novela003__episode_0011,novela003,episode_0011,delete_text,0.0,1,0,[7],[],Olha só! Então é isso aí que a sua mãe te ensinou? Não tem educação! Sai daqui logo! Não atrapalha o Sr. Pinheiro e a Diana!,,,
delete_text_very_long_review,novela003__episode_0011,novela003,episode_0011,delete_text,0.0,1,0,[9],[],"Tio Pedro, eu e a mamãe viemos porque recebemos o convite! Ela tá chegando já!",,,
delete_text_very_long_review,novela003__episode_0011,novela003,episode_0011,delete_text,0.0,1,0,[10],[],Um convite? Como a sua mãe conseguiu um convite? Esse lugar não é pra você! Pede pra sua mãe te levar embora!,,,
delete_text_very_long_review,novela003__episode_0011,novela003,episode_0011,delete_text,0.0,1,0,[11],[],Eu aposto que aquela mãe gorda dela trouxe essa pirralha aqui só pra comer de graça!,,,
delete_text_very_long_review,novela003__episode_0011,novela003,episode_0011,delete_text,0.0,1,0,[13],[],"Aprendeu a mentir, é? Falando bobagem? É isso? O que foi? Você quer ficar aqui e nunca mais ir embora?",,,
delete_text_very_long_review,novela003__episode_0011,novela003,episode_0011,delete_text,0.0,1,0,[14],[],"Pedro, ainda bem que Deus ajudou a gente e a gente se encontrou a tempo! Se não, imagina!",,,
delete_text_very_long_review,novela003__episode_0011,novela003,episode_0011,delete_text,0.0,1,0,[15],[],Se hoje ainda estivesse do seu lado aquela Laura que só sabe comer igual a um trator que faz até o chão tremer de tão gorda!,,,
delete_text_very_long_review,novela003__episode_0011,novela003,episode_0011,delete_text,0.0,1,0,[17],[],Você tem razão! Ia mesmo me fazer passar vergonha e ainda não tem noção nenhuma!,,,
delete_text_very_long_review,novela003__episode_0012,novela003,episode_0012,delete_text,0.0,1,0,[6],[],"E se ela vier, vai ficar escondida em algum canto, comendo feito louca.",,,
delete_text_very_long_review,novela003__episode_0012,novela003,episode_0012,delete_text,0.0,1,0,[9],[],A sua mãe realmente se escondeu num canto pra comer tudo que viu pela frente.,,,
delete_text_very_long_review,novela003__episode_0012,novela003,episode_0012,delete_text,0.0,1,0,[15],[],"Essa pirralha igualzinha a mãe dela, vive sonhando alto, não sabe o próprio lugar.",,,
delete_text_very_long_review,novela003__episode_0012,novela003,episode_0012,delete_text,0.0,1,0,[17],[],"e sabendo que é meu grande dia de assinar o contrato, mandou essa pirralha aqui pra atrapalhar.",,,
delete_text_very_long_review,novela003__episode_0012,novela003,episode_0012,delete_text,0.0,1,0,[21],[],"Nossa, com todo aquele peso deve ser difícil andar e ainda tem coragem de aparecer aqui?",,,
delete_text_very_long_review,novela003__episode_0012,novela003,episode_0012,delete_text,0.0,1,0,[25],[],Hoje é o evento de assinatura do contrato com o novo rosto do Grupo Pinheiro.,,,
delete_text_very_long_review,novela003__episode_0012,novela003,episode_0012,delete_text,0.0,1,0,[30],[],Será que o peso dela fez o táxi atolar na lama e ela ficou presa no trânsito?,,,
very_large_timing_shift,novela003__episode_0013,novela003,episode_0013,split,1.0,1,2,[1],"[2, 3]","Mamãe, eu sabia que você ia vir.","Mamãe, eu sabia que você ia vir.",13.054,-1.243
delete_text_very_long_review,novela003__episode_0014,novela003,episode_0014,delete_text,0.0,1,0,[1],[],"Esse formato de rosto, esse olhar, parece, parece muito, parece com a minha ídola, Cecília.",,,
delete_text_very_long_review,novela003__episode_0018,novela003,episode_0018,delete_text,0.0,1,0,[1],[],"Tá falando besteira! Acho que você só quer chamar a atenção, quer inverter a situação, não é mesmo?",,,
delete_text_very_long_review,novela003__episode_0018,novela003,episode_0018,delete_text,0.0,1,0,[2],[],"Eu não preciso da pena de ninguém, muito menos inverter algo, porque... vocês não merecem.",,,
delete_text_very_long_review,novela003__episode_0018,novela003,episode_0018,delete_text,0.0,1,0,[3],[],"O que foi que eu acabei de dizer que absurdo? Senhorita, me desculpe, você é uma mãe incrível, por favor, me perdoe pela minha ignorância.",,,
delete_text_very_long_review,novela003__episode_0018,novela003,episode_0018,delete_text,0.0,1,0,[5],[],"Ah, boa menina. Foi falta de sensibilidade minha. Foi meu filho que não te tratou direito.",,,
delete_text_very_long_review,novela003__episode_0018,novela003,episode_0018,delete_text,0.0,1,0,[6],[],"Agora prestem atenção. A partir de hoje, Laura é protegida da nossa família Pinheiro.",,,
delete_text_very_long_review,novela003__episode_0018,novela003,episode_0018,delete_text,0.0,1,0,[8],[],Quem ousar falar qualquer coisa contra ela vai arrumar briga com a nossa família.,,,
delete_text_very_long_review,novela003__episode_0020,novela003,episode_0020,delete_text,0.0,1,0,[10],[],Isso não muda o fato de que você teve um filho sem casar e nem sabe quem é o pai da criança.,,,
delete_text_very_long_review,novela003__episode_0020,novela003,episode_0020,delete_text,0.0,1,0,[13],[],"Se não fosse naquela época vocês terem me drogado, eu nunca teria tido uma filha tão fofa quanto a Paula.",,,
delete_text_very_long_review,novela003__episode_0020,novela003,episode_0020,delete_text,0.0,1,0,[15],[],"Pedro, ela só tá fazendo cena pra ganhar sua pena, ela não liga pra você.",,,
delete_text_very_long_review,novela003__episode_0020,novela003,episode_0020,delete_text,0.0,1,0,[18],[],"Sou eu, aquela que há seis anos te entregou o que tinha de mais precioso.",,,
